Calories,Protein,Iron,Calcium,Vitamins,Fatigue_Level,Energy_Level
2326,72,7.4,865,1,7,1
2659,43,13.4,869,4,5,5
2060,45,14.7,622,5,3,9
2494,79,7.3,985,5,7,6
2330,60,14.2,925,7,2,1
2295,48,9.1,587,4,9,1
2244,34,12.9,962,1,1,2
1321,64,12.9,938,5,6,9
1666,84,11.5,454,7,7,3
2438,28,5.3,789,6,8,1
1530,20,15.7,685,5,9,5
2682,27,8.5,403,4,2,7
1287,82,6.6,692,2,2,6
2596,30,4.6,545,4,5,1
2323,27,12.3,475,3,5,5
2071,54,13.5,338,1,6,5
1330,54,4.2,776,8,3,6
2532,52,11.2,981,5,8,3
1969,24,7.2,837,4,1,5
1543,60,13.0,707,8,6,7
2715,47,6.4,824,7,4,5
2637,26,13.7,805,2,1,5
2005,31,9.4,335,1,7,5
1585,53,17.1,984,4,9,3
2415,52,5.9,319,8,4,1
2155,67,8.8,620,2,4,5
1476,42,5.6,811,3,6,9
2384,81,16.9,699,1,3,1
1659,56,16.3,953,1,6,3
2537,63,7.6,770,3,7,4
1221,54,13.2,442,5,3,1
1452,84,15.4,391,3,7,1
1947,66,11.8,653,1,3,8
2056,22,11.4,350,1,2,2
2784,20,7.4,964,8,4,8
1674,24,5.3,997,2,8,7
2282,33,16.6,874,3,9,2
1710,46,16.6,489,2,7,6
2699,28,12.9,424,3,1,6
1899,34,8.7,449,7,3,3
2175,61,8.9,613,1,9,2
1389,70,14.2,869,8,1,1
2157,82,16.6,641,2,9,6
1886,71,16.4,604,3,8,5
2157,23,14.9,991,9,1,9
1762,42,13.0,981,7,6,1
2790,34,5.2,353,4,5,7
2467,62,6.3,743,5,6,5
2031,48,16.6,912,2,5,5
2728,55,12.5,563,8,6,2
2354,32,4.1,352,4,5,3
2708,51,5.4,871,9,5,7
1846,78,13.3,919,5,4,6
1220,47,4.1,304,9,3,2
2040,85,6.3,402,4,3,6
1366,61,11.7,495,5,4,2
2497,64,13.7,649,9,9,2
1587,81,13.1,346,8,2,2
1800,76,7.1,955,3,9,3
1515,25,14.0,568,1,1,2
1213,47,7.3,669,3,1,4
1441,47,8.6,935,4,5,9
1976,63,14.5,405,2,6,6
2569,49,13.1,969,1,6,1
1764,81,15.9,958,7,3,8
2097,81,13.2,956,8,7,7
2563,20,12.0,419,7,9,3
1291,46,5.3,903,5,8,1
2590,81,9.1,357,1,6,5
2155,22,7.7,645,7,8,4
2678,89,7.4,773,7,5,8
2651,46,17.6,416,9,8,1
1708,28,9.5,426,3,4,1
1975,81,16.5,692,9,8,4
1234,56,12.8,940,1,2,8
1405,70,15.1,357,1,5,5
2304,63,11.0,933,4,9,2
2785,43,12.1,812,9,4,6
2611,78,10.9,395,6,6,5
2225,51,6.7,937,3,1,2
2221,71,14.1,417,1,9,3
2613,81,7.9,859,4,1,9
1765,77,4.3,900,9,5,7
2329,71,13.0,787,3,4,7
2700,31,6.5,536,9,3,6
1902,58,17.2,571,7,6,8
1601,21,17.4,488,4,2,4
1929,22,16.8,746,3,3,8
2779,75,9.2,880,5,5,4
1361,78,4.2,546,5,9,8
1401,21,17.0,375,3,2,9
2195,21,10.0,453,9,8,3
1469,73,17.5,955,4,2,3
2015,20,17.5,734,5,5,2
2494,38,15.9,385,4,7,3
1655,21,8.1,996,5,8,3
2685,72,9.4,584,7,1,5
2475,63,15.9,519,9,6,5
2216,51,8.4,368,7,1,2
1495,89,6.4,346,5,2,6
2205,41,16.2476,335,5,7,5
1566,39,13.9472,915,5,0,2
2417,80,18.275000000000002,376,7,4,5
2507,60,4.7859,850,6,5,2
1134,48,10.0415,513,0,6,7
1441,63,9.2336,1031,6,3,9
2121,16,3.4249999999999994,840,2,0,6
1910,52,15.4743,443,1,3,3
2052,92,10.0209,464,4,3,0
1655,55,14.1601,807,6,3,0
2478,54,18.275000000000002,611,0,8,8
2429,64,9.6814,632,6,2,2
2091,71,9.4031,957,7,6,4
2596,16,11.6153,502,5,5,6
2282,17,15.1748,691,2,7,8
1652,57,8.8066,886,2,5,4
2235,38,8.5433,853,7,7,3
1604,80,15.4614,635,1,5,5
2477,46,12.6807,605,7,6,3
2036,16,3.4249999999999994,279,4,1,3
1972,26,6.1072,433,4,0,5
1736,16,17.2812,742,0,6,5
2641,48,12.7761,640,4,6,9
1987,49,8.0055,687,6,6,6
1856,44,10.4306,905,1,4,7
1893,75,11.1832,403,6,9,2
2313,78,14.1441,617,5,4,6
2234,49,5.5627,713,3,6,3
2256,16,7.6827,512,7,7,5
2265,66,12.2476,993,0,9,6
2868,64,10.7199,875,6,4,5
1867,59,13.4725,736,9,3,9
1817,73,6.0904,1031,8,1,8
1673,28,12.5925,333,6,9,7
2353,92,15.6024,669,4,6,6
2596,32,13.124,753,3,6,9
2006,68,11.6991,464,4,9,1
1661,17,10.7361,738,6,6,8
1668,33,7.7077,421,3,2,2
2369,84,10.8339,826,7,5,3
2413,47,16.2914,909,9,2,6
2318,70,10.6412,732,5,4,8
1744,58,7.4825,269,1,4,2
2170,50,9.1117,453,1,3,3
2115,81,11.9521,798,7,1,5
2164,48,9.5983,675,5,9,4
2474,16,13.1178,269,7,6,7
2166,36,13.2717,951,3,4,9
2383,64,14.7721,701,7,7,6
2092,61,16.9629,486,4,6,3
2197,20,15.2101,895,3,6,1
2360,37,7.3004,518,4,7,4
1368,40,7.4262,515,2,5,2
1908,45,10.8185,751,9,7,6
1837,24,9.28,1031,4,7,6
1756,39,6.464,1031,6,5,3
1929,37,9.3189,752,3,4,9
2770,69,9.1844,775,2,9,3
1649,70,8.3757,849,4,4,4
2520,50,9.8349,387,8,6,6
1260,44,15.9584,816,3,6,7
1901,56,11.9455,505,2,3,8
2137,35,18.275000000000002,742,5,3,6
2338,29,11.8278,619,6,4,7
2398,33,9.9403,784,9,4,3
2437,39,11.1459,697,6,1,7
1894,28,12.1801,269,6,3,7
1840,56,12.9127,711,7,6,8
2468,68,18.275000000000002,815,2,8,0
1969,19,7.6648,771,2,6,2
1454,53,14.6494,647,2,0,7
1522,48,11.9804,1031,1,7,0
1623,60,4.6905,741,7,4,6
2296,52,14.2874,769,5,6,7
2128,22,16.3238,906,5,5,3
2388,26,7.6162,752,0,5,3
1857,53,11.0924,468,9,5,2
2135,74,4.0584,269,2,5,3
2357,16,5.9703,563,9,8,3
1913,60,15.4239,842,1,5,3
2277,78,9.2176,591,3,8,3
1746,49,6.585,851,0,7,4
1887,64,12.0693,704,6,7,4
1879,38,8.9881,961,2,0,9
1492,50,9.1995,604,2,8,3
2291,19,14.1588,776,1,4,5
1837,16,6.3681,785,7,7,3
2066,72,7.4187,1009,7,2,3
2288,32,11.7604,286,9,2,0
2272,43,15.1017,567,3,9,1
2376,24,16.2031,862,5,3,1
2013,23,8.4035,1019,1,8,5
1859,49,14.9704,725,4,5,7
2022,37,7.9155,605,3,4,0
1258,61,18.275000000000002,841,6,5,3
1372,62,6.4827,866,7,2,1
1432,59,16.5732,590,7,5,4
1586,58,8.4387,745,2,2,7
2250,86,18.275000000000002,937,7,4,3
1630,30,13.5523,1031,5,7,4
1880,51,6.9653,838,4,6,8
2677,76,8.9888,681,3,1,6
1891,79,14.3303,658,3,7,3
2410,23,15.4428,796,9,5,5
1616,46,10.8392,645,5,4,2
1962,81,11.312,713,5,7,6
1609,63,14.2368,432,4,5,6
1899,57,11.6691,963,9,2,1
2459,48,5.8281,414,8,9,5
1239,45,7.7974,573,3,5,4
2266,59,12.0925,693,4,5,6
2173,47,16.1101,1031,4,4,7
1778,52,17.7514,575,5,8,6
1373,54,14.3236,520,3,4,4
2094,38,12.3063,546,6,1,7
1808,64,14.1977,1031,8,3,2
2171,92,8.3966,269,1,8,1
2070,16,10.501,445,2,7,0
2821,59,7.7516,1031,3,4,4
1946,37,6.0116,804,4,9,2
1574,65,12.4959,421,9,7,5
2145,54,11.8892,661,7,4,0
2164,69,13.9471,686,7,5,3
2706,77,13.367,861,4,6,6
2457,57,12.1234,1031,4,3,2
2230,76,13.4101,758,1,5,5
2755,16,10.9541,549,7,6,3
1495,86,12.8211,848,6,1,4
1756,60,8.1532,513,8,5,6
1620,75,12.6441,438,4,4,7
1875,27,13.8682,274,4,8,5
1406,35,8.3846,318,5,0,2
2362,56,11.3414,469,7,4,3
1954,52,8.5734,405,1,4,6
1361,59,8.9713,741,7,7,2
1577,75,6.5189,400,5,5,4
2209,16,16.3162,269,2,9,3
2458,73,15.4963,435,0,7,4
2868,53,13.3314,564,4,4,2
2868,48,18.275000000000002,534,8,6,0
2257,22,10.3535,1013,9,4,6
1590,63,18.275000000000002,532,6,7,7
1134,16,10.1966,869,9,2,0
2187,66,12.1748,666,5,3,5
1674,21,9.4989,661,7,6,7
1863,54,12.6548,482,4,8,6
1769,50,14.5534,657,3,0,3
1993,77,10.6622,498,3,9,2
2566,49,18.275000000000002,709,0,5,5
2135,38,12.1091,617,8,0,5
1985,42,12.2375,458,3,0,5
1568,79,7.4039,894,3,1,4
1264,64,12.844,767,2,5,2
1829,45,10.5797,570,4,5,6
2034,48,8.6364,703,9,7,6
2868,20,7.9469,652,9,4,5
2122,61,18.275000000000002,475,0,2,5
2527,16,10.0492,686,4,4,9
1823,68,5.1582,531,2,5,3
1497,55,8.2676,458,7,6,8
1601,92,10.9177,305,5,3,3
1715,30,13.3693,590,3,7,7
2868,50,13.4026,798,5,3,8
1670,90,13.9018,514,3,3,4
2458,78,8.4863,1031,9,4,9
1631,38,12.5242,870,6,8,6
2503,57,7.5388,965,6,5,2
2243,53,8.5897,850,0,3,4
1986,59,7.3682,1031,4,7,7
2041,38,6.2589,493,9,9,7
1749,51,15.4902,269,8,6,2
2272,19,13.951,570,0,8,4
1844,55,15.1315,796,4,8,5
1478,62,11.2901,705,2,3,3
1453,48,14.3124,733,9,5,9
2142,19,3.9111,968,5,2,5
2810,73,14.666,757,3,4,4
2136,60,11.8549,851,5,3,7
2004,37,13.6989,459,0,4,4
2196,47,12.6864,424,2,3,7
2680,21,7.084,1031,5,4,0
2164,31,4.9899,693,7,6,3
1865,41,8.2109,530,0,5,7
2586,78,13.4441,531,4,0,8
2264,39,13.957,524,7,3,3
2790,66,5.5231,511,1,1,2
2147,41,7.1084,381,5,6,6
1478,58,8.1651,332,5,6,3
1410,50,9.6647,627,9,6,4
2844,71,5.5472,537,4,3,7
2868,41,5.3013,920,4,6,3
1975,20,7.7611,737,7,4,0
1878,24,11.4825,730,1,2,1
2754,41,6.2908,503,4,7,4
1534,26,10.6544,643,3,7,0
1635,61,15.467,752,4,7,4
2366,43,5.7942,832,7,3,1
1873,92,10.283,649,6,8,9
2058,16,15.3285,914,3,4,9
1982,57,9.4149,672,5,7,2
2220,29,8.7781,849,9,4,5
2729,42,15.8971,560,3,4,2
2103,56,9.8742,269,5,0,4
2366,16,15.6553,731,4,4,9
1134,58,12.8869,834,5,5,3
2037,92,9.724,800,0,4,4
1659,43,13.0948,766,8,9,2
1481,58,12.4422,592,3,2,7
1643,74,15.3127,489,7,4,0
1901,49,8.8818,795,3,3,3
2495,40,11.2979,767,3,4,4
1430,16,10.8769,544,8,8,3
2075,66,14.0147,921,7,9,7
1830,50,6.9277,472,5,3,7
1904,31,15.2967,539,7,3,1
2536,55,13.0401,1031,4,2,9
2316,40,5.7321,866,5,8,1
2695,42,16.0806,590,3,8,8
1987,65,18.275000000000002,735,7,5,5
1729,25,15.2346,705,3,1,3
1954,75,16.9769,269,9,2,3
2175,23,11.4789,466,4,5,4
2144,39,4.32,659,5,6,5
1545,92,3.5716,590,7,0,2
2103,76,12.1743,726,5,4,4
2168,55,8.703,925,4,9,3
2868,33,7.381,598,5,4,1
2868,41,10.8719,432,7,9,2
1655,54,13.6517,744,3,7,2
1923,53,5.1755,597,4,2,3
1365,51,9.2895,635,5,4,6
1779,52,17.3166,605,7,5,5
2210,48,6.7224,1031,4,3,9
2633,22,14.6934,269,9,3,0
1714,42,9.1425,583,4,9,6
1749,72,13.3657,670,4,2,4
1134,24,15.6259,495,4,8,6
1983,49,14.1668,873,1,4,6
1555,35,14.8548,854,2,5,4
1808,55,6.4097,660,3,6,5
1643,44,15.6929,610,8,3,3
2015,84,7.6346,645,5,6,6
1225,63,12.1926,647,3,0,0
1363,25,12.1873,653,8,6,6
2868,67,13.1171,628,9,0,4
1448,36,12.5099,728,8,4,3
1539,40,7.671,840,2,7,4
2868,59,5.5971,393,3,7,4
2868,42,14.704,434,9,2,8
1503,71,11.8906,277,5,2,9
1885,36,15.8392,866,4,3,8
2222,40,10.9457,727,7,5,3
2868,39,5.3705,784,7,0,6
1591,41,15.0883,348,3,5,6
1943,76,9.6112,1031,5,6,2
2429,66,12.5306,533,7,4,1
2267,88,8.4757,709,2,6,4
1881,92,17.8675,863,5,6,6
1996,31,7.5368,448,2,4,0
1407,54,9.7462,547,2,0,3
1947,28,11.5693,711,3,5,6
1933,36,6.6531,1031,6,3,5
2170,39,12.4835,738,4,4,8
1796,30,17.7347,1031,3,6,1
2284,31,9.119,942,5,9,9
2541,50,12.7483,754,2,5,1
2134,27,3.4249999999999994,448,6,6,0
2227,70,10.9695,909,8,1,4
2085,33,9.8461,333,4,6,2
2060,92,7.7747,1031,4,5,4
1717,43,15.5609,716,6,8,4
2210,54,9.792,269,0,4,4
2014,25,10.4017,594,6,4,2
2868,88,9.5832,818,9,8,6
2807,76,3.4249999999999994,617,4,5,4
2243,59,6.49,832,4,2,7
1697,24,15.0676,479,7,9,4
1531,57,3.4249999999999994,376,9,2,2
2626,29,7.9886,655,7,5,0
2185,83,9.4909,678,0,6,4
2288,70,18.2745,592,6,6,1
1231,55,14.2788,947,9,5,1
2501,16,8.8457,479,6,5,6
2276,32,16.475,741,2,4,0
1532,67,8.0943,686,5,2,8
1836,78,15.2644,320,1,9,5
2185,76,5.5602,373,8,4,4
2085,19,15.5273,673,2,7,2
1921,59,9.4646,1031,5,4,6
2011,74,6.9141,801,2,4,4
1940,18,10.2391,282,3,4,3
2132,52,12.2656,269,9,1,5
2759,58,9.1015,836,5,5,0
1134,46,13.3991,649,3,4,0
1947,16,8.7398,928,2,8,2
2144,46,13.6713,472,0,2,5
2201,46,12.9413,750,1,4,4
1883,49,10.8793,861,5,3,7
1225,41,9.3202,570,7,9,2
2216,43,11.75,575,3,3,6
2868,52,13.384,676,9,6,4
1331,62,18.275000000000002,793,3,8,2
2470,46,14.9788,667,4,5,5
1904,44,15.1287,890,2,1,4
2031,55,18.275000000000002,566,7,1,3
1560,16,13.2434,371,9,7,5
1901,63,13.1151,1031,0,2,4
2678,53,14.0141,534,4,6,4
2337,53,6.9942,542,8,5,3
2868,73,9.3099,656,1,6,1
2619,16,9.0547,686,6,6,5
2269,16,13.783,583,8,3,2
2868,58,10.4152,667,5,2,2
2269,52,11.6955,662,6,7,4
2453,56,15.5855,710,9,3,6
1919,43,14.6663,269,9,0,5
2092,67,10.4663,1031,5,7,3
1729,72,8.3833,637,3,2,3
2530,63,15.7814,801,2,6,6
1500,47,14.3005,360,7,9,0
2432,16,4.5464,564,1,5,6
1969,69,9.8457,519,4,8,0
2616,78,11.8073,1002,5,5,1
2417,66,14.3207,539,3,9,3
2868,34,14.8587,841,5,2,9
2407,67,12.2925,524,9,5,9
1313,71,13.5274,569,4,7,6
2028,85,11.3918,615,4,5,5
1503,34,8.3675,960,7,8,0
1814,48,10.0583,269,5,4,5
2778,68,11.2068,374,8,9,3
2363,54,10.9869,269,5,9,2
1728,29,3.4249999999999994,425,4,6,5
1578,61,9.5001,488,0,6,3
2076,65,11.3593,307,0,8,7
1482,54,9.9759,505,0,2,0
1741,57,10.1175,269,6,2,5
2208,47,13.1288,441,1,8,2
2609,84,6.7073,941,8,6,3
2349,34,4.4572,762,5,4,5
1134,40,9.7022,713,4,5,2
2205,53,14.2604,445,2,0,5
2094,71,18.0447,324,6,5,4
2257,21,14.3342,414,3,3,3
2828,25,5.1119,661,2,7,3
1134,16,10.1767,866,8,8,4
1779,53,12.1807,874,6,6,3
2341,29,11.8568,813,4,6,4
1309,45,13.3391,504,6,1,4
2761,66,7.3709,676,5,7,3
2235,39,11.3951,598,6,7,8
2462,57,12.8515,625,3,8,5
1789,46,14.5127,1031,9,9,4
2447,67,7.8271,273,3,1,5
2568,63,9.7145,618,9,4,2
2171,38,3.4249999999999994,944,4,3,3
2171,49,8.5822,340,7,5,4
2188,75,8.9799,526,7,5,1
1650,61,6.9507,551,8,4,5
1990,23,11.8077,620,2,8,3
1988,66,10.8997,311,7,2,4
2242,30,3.4249999999999994,805,9,2,3
2535,82,12.0122,821,4,2,9
1557,74,7.3247,785,5,4,3
2001,59,13.1194,474,3,2,0
2764,56,5.8759,690,4,5,0
1707,48,11.252,468,9,5,6
1669,67,9.9686,596,2,3,8
2156,45,12.3711,1031,2,7,3
2461,58,11.64,692,9,5,8
2065,71,10.0833,403,6,8,6
2691,41,4.8332,711,9,5,4
2467,40,5.0753,366,4,5,4
2460,28,8.7362,400,5,4,5
2323,30,11.0951,436,3,5,7
2868,16,8.6364,570,5,7,5
1963,68,13.6912,882,0,4,3
1134,91,9.9847,801,6,6,4
2822,83,7.1743,788,6,3,9
1843,18,9.9893,423,5,7,5
2111,68,12.0546,549,4,4,7
2682,82,12.4604,732,2,7,6
1299,43,18.275000000000002,529,7,5,5
1465,55,8.3878,608,2,9,5
1299,16,10.8279,770,6,2,7
1683,58,12.8753,592,9,1,6
2269,30,11.033,722,9,3,5
2309,57,9.0774,1030,1,1,3
2191,20,4.78,632,3,1,5
1389,64,9.0356,936,6,7,4
1134,74,6.7289,797,4,5,4
2086,36,4.0532,340,1,4,9
1836,29,7.8682,422,6,4,1
2278,16,6.8379,483,5,3,7
2393,47,13.5214,478,9,9,2
2126,40,13.5923,650,4,3,5
2421,20,7.4248,809,8,2,9
2169,62,10.0626,954,1,7,2
2312,43,3.5138,740,2,4,3
1725,30,9.1032,570,7,9,4
1975,41,12.7641,269,7,4,2
2153,75,14.5097,687,2,7,7
2450,65,8.2069,676,5,8,3
1873,50,15.4396,712,1,4,6
2308,66,4.9176,1031,4,3,1
1934,28,6.0161,950,7,7,0
2004,53,14.0373,848,4,6,4
2454,56,17.9774,454,4,1,1
1134,43,13.1511,555,2,2,8
1444,62,10.9637,649,3,0,1
1356,36,3.4249999999999994,496,9,7,2
1134,63,3.4249999999999994,783,5,4,5
1738,64,11.6593,751,2,5,3
2416,16,9.6616,425,4,1,1
1925,78,6.5972,940,1,2,9
2154,16,11.3976,694,2,4,2
2577,40,11.6008,281,8,3,4
2691,74,14.9993,659,4,5,4
2027,46,11.6888,734,9,7,6
2703,22,16.1631,890,4,9,6
2104,30,11.1618,595,5,5,2
1662,74,10.6563,857,6,8,4
1778,16,15.4906,713,0,3,4
1357,76,7.1193,374,5,1,6
1638,51,18.275000000000002,352,5,4,2
1890,28,12.6668,924,9,1,9
2442,40,12.6897,940,7,5,3
2868,31,13.2809,743,2,3,4
1403,71,18.275000000000002,1008,8,0,2
2247,68,14.3768,909,4,9,1
1566,17,4.5514,825,2,4,2
2285,44,16.8805,465,5,1,2
1998,34,9.732,1031,4,7,3
1190,80,11.5681,791,9,3,2
2501,24,5.8865,584,6,8,6
1773,86,13.2854,520,5,3,3
1806,52,8.4596,728,7,4,2
1552,28,11.5395,294,7,6,3
1749,38,9.9647,828,7,7,7
2263,36,18.275000000000002,456,8,7,5
1970,26,18.275000000000002,754,6,5,4
2216,55,11.3196,553,5,6,1
2232,27,11.3912,611,8,7,2
2687,16,9.5986,500,4,6,1
1897,45,15.6615,634,5,5,8
1358,16,9.7811,1031,9,1,6
2567,37,9.4023,983,9,7,2
1902,34,15.1394,751,5,5,3
2590,34,8.923,665,3,4,2
2242,92,10.9743,861,8,8,2
1998,54,4.6487,925,7,1,6
2226,58,14.0148,484,5,9,4
2868,16,18.275000000000002,653,4,5,9
2868,39,14.0846,269,6,6,8
2093,57,17.1196,924,5,4,8
2136,31,7.6616,1031,3,1,6
2571,72,12.0975,689,5,5,3
1658,27,7.2639,269,5,6,6
2218,47,10.1956,808,4,7,4
2048,40,14.2936,467,7,4,9
2209,56,11.5463,521,8,0,5
1664,39,5.3399,812,7,1,5
1305,47,5.7399,728,4,9,5
1134,48,5.4689,561,7,2,9
1529,37,13.143,524,5,9,1
1842,63,18.275000000000002,699,1,3,9
1921,58,16.7125,578,6,5,4
2868,51,3.4249999999999994,421,5,7,1
2585,44,16.9527,596,9,3,3
1603,69,14.9664,747,8,9,0
2225,48,4.7962,630,7,5,6
1867,46,9.8865,352,5,6,2
1925,55,15.6185,894,5,4,5
2148,88,13.3847,269,2,7,7
2354,24,5.7642,570,0,9,3
1899,69,13.6319,531,2,5,4
2565,16,3.4249999999999994,704,5,9,1
1517,57,10.2159,797,0,3,3
2063,86,15.7924,925,3,7,9
2868,63,11.2044,510,4,6,6
2166,56,9.0843,803,4,2,4
2741,41,14.7736,715,3,6,3
2103,53,15.1236,285,4,5,4
2336,47,16.4976,1031,9,3,5
2033,36,14.7121,346,6,6,3
1979,47,15.5606,765,3,5,6
1690,57,14.1325,759,4,5,2
2264,36,12.2172,733,5,5,2
1655,36,11.4958,559,3,5,5
2376,24,10.1567,857,3,4,2
2576,61,6.1606,319,7,5,6
2234,64,7.2141,656,4,3,4
1924,57,9.9733,544,2,9,0
2276,73,12.1185,518,5,1,5
1913,54,17.0336,767,5,3,0
2504,61,10.9577,913,0,4,6
1190,59,15.2413,593,5,9,4
1901,51,15.5521,847,7,2,9
1134,41,10.1805,682,6,6,7
1350,92,13.5661,469,9,6,2
2708,43,10.131,612,8,6,0
2485,39,16.5472,603,8,8,3
1718,62,13.7347,514,9,8,1
1346,58,6.2503,767,7,4,9
1134,23,11.7909,723,5,6,4
1802,76,17.8831,312,7,0,7
2868,51,10.3863,298,3,5,4
2267,29,12.9638,766,5,3,4
1794,78,13.3661,487,3,5,4
2281,66,6.8808,739,6,1,7
1318,26,13.2219,847,3,6,5
1919,90,5.417,384,3,1,2
2107,66,8.5651,352,6,5,9
2019,52,15.5374,1031,4,2,4
2436,86,12.591,750,0,3,3
2224,56,9.8812,576,1,8,0
2377,52,12.9586,460,2,7,6
1733,39,10.8827,556,2,8,5
2487,65,11.1805,402,6,9,5
2834,63,13.8207,870,5,3,3
1599,53,8.1482,496,7,9,3
1638,36,11.2943,917,7,1,4
2695,55,9.8493,580,7,7,6
1969,51,4.6311,435,6,4,6
2727,25,7.3569,575,5,3,4
1850,22,17.5556,269,8,7,7
2751,64,12.7056,643,7,7,4
2122,16,5.7048,632,6,7,3
2183,57,4.8165,856,8,6,5
2803,43,10.6693,269,0,5,1
1888,80,17.5269,932,4,6,5
1613,42,10.3637,856,4,6,1
1847,66,16.4852,953,8,6,2
2275,44,12.5712,659,9,6,0
1316,55,13.0602,899,1,7,4
2363,68,5.6551,339,8,1,8
1804,43,14.971,831,2,5,4
2605,74,9.7564,497,2,1,6
1134,32,14.666,298,4,6,9
1686,59,7.7925,417,4,9,5
1259,72,11.8546,672,1,4,3
1667,66,12.5715,485,6,5,3
2178,92,10.4978,755,6,7,4
1975,37,12.7869,269,7,0,3
1940,24,10.0373,269,4,4,3
1984,32,8.4691,980,5,6,7
2157,66,17.7084,874,5,0,7
1581,63,15.4277,434,9,2,0
2396,55,8.0109,670,0,8,2
2375,29,13.4585,900,2,8,3
2243,69,8.0854,765,5,6,6
2324,27,6.2741,704,2,7,7
2201,77,15.3656,917,4,6,9
2868,92,4.1455,506,4,6,3
2019,60,14.9273,678,3,4,3
1914,65,10.0933,667,5,5,6
1702,42,10.2621,609,6,3,3
1570,16,12.8082,583,4,8,4
1469,40,13.5108,687,3,9,3
1638,30,7.7426,678,4,9,0
2026,22,14.0703,434,5,4,5
2219,89,11.5936,851,0,3,4
2084,58,5.9816,451,6,8,8
1696,61,10.4328,621,4,6,4
2488,46,16.7896,604,8,6,1
2411,49,17.9998,751,6,3,4
1984,73,14.0688,269,8,6,0
1750,52,6.2509,871,2,2,1
2321,64,13.1395,518,4,7,6
2149,48,14.6159,946,1,9,4
1372,45,14.103,563,3,9,7
2028,23,14.3458,660,8,7,0
2184,16,12.6177,1031,9,1,4
1633,47,10.8322,608,2,6,3
2150,54,8.6359,950,3,9,7
1369,26,3.4249999999999994,679,4,3,6
2695,52,12.5209,764,6,5,6
2653,54,11.8915,686,0,9,8
1940,16,13.414,862,1,7,4
2233,33,5.6476,516,6,9,8
1134,61,13.7723,449,0,3,2
1511,61,18.275000000000002,527,4,2,2
1920,28,11.4505,693,5,8,6
1551,56,10.8763,621,6,2,1
2399,74,12.3953,831,4,5,6
2868,69,18.275000000000002,965,4,5,5
1501,51,6.934,451,7,8,7
1662,43,11.9618,505,5,7,4
2172,39,7.8519,347,3,6,5
2825,62,8.8873,1031,5,4,6
1479,57,10.9258,739,6,8,3
2178,66,16.6504,779,9,9,3
2868,55,18.275000000000002,369,7,7,6
1275,70,12.9655,670,8,5,4
1451,55,9.5857,785,3,2,3
1859,69,18.275000000000002,614,3,3,4
1813,71,9.3768,913,4,4,8
2446,36,8.7884,1031,4,4,3
2175,16,3.8551,457,2,5,3
1217,85,16.8503,440,8,9,0
2305,58,15.0969,473,7,8,4
1786,17,18.275000000000002,1031,4,5,6
2665,38,5.4346,906,6,2,7
1762,69,17.1047,640,5,8,5
1758,47,11.4164,679,7,5,7
2317,42,14.4325,487,1,1,6
2422,82,4.3763,871,4,7,7
2273,31,17.1453,585,5,8,7
1259,36,14.3522,612,6,0,8
2316,57,10.9695,808,3,3,4
1569,61,13.7727,628,0,5,1
2172,63,7.9919,618,2,7,6
1384,72,8.7544,673,5,4,6
2272,57,9.2298,850,5,3,8
1677,63,3.5364,1031,9,7,8
1451,47,14.6606,803,6,4,9
2399,54,16.0122,852,5,6,6
2175,55,8.2548,626,5,2,5
1768,57,12.556,511,8,2,1
2749,69,10.0408,818,3,7,5
1851,64,12.4743,709,4,6,3
2075,54,8.5571,350,2,7,5
2188,36,7.5087,597,8,4,5
1766,54,15.4405,652,6,3,6
2284,52,10.8673,556,3,9,4
1807,57,18.275000000000002,1005,4,1,7
1864,92,11.3188,779,6,8,0
2707,42,7.3339,980,4,8,5
1566,61,16.1571,730,3,7,7
1134,75,13.7141,689,3,3,9
2825,55,14.1078,460,6,3,6
2868,92,16.0082,673,4,4,9
1867,45,8.4538,674,3,2,5
1140,59,10.6075,362,1,3,4
1912,36,10.4264,549,5,7,6
1924,45,5.8394,598,4,7,4
1970,58,10.0488,764,4,2,3
1531,70,16.6056,775,5,7,3
2335,59,12.1016,540,7,6,2
2309,79,5.6127,776,6,9,6
1350,51,4.753,630,6,6,4
2392,46,17.9514,269,4,8,4
2868,92,10.7589,561,3,6,3
2142,61,8.4759,914,2,8,6
1900,37,10.0062,292,3,2,6
1993,38,5.0749,696,5,5,2
2352,33,16.961,1028,3,5,1
1238,72,9.5182,499,5,4,7
2138,45,16.7327,671,2,6,1
1874,55,11.3407,377,0,7,6
2868,51,16.9873,1031,7,6,8
1977,68,12.181,652,3,5,9
2852,35,14.6256,681,3,3,6
1536,30,14.0759,976,2,8,6
2339,57,13.6833,820,6,6,9
2212,65,12.5549,473,8,2,0
1647,60,10.1748,525,4,5,3
2144,36,18.275000000000002,782,4,1,7
2636,67,7.4123,530,7,5,4
1906,37,11.1467,269,0,4,8
1256,42,11.19,659,9,4,4
2052,33,12.7782,337,9,9,5
1631,80,9.369,1031,0,2,4
1897,66,12.4189,710,4,7,3
2021,65,10.4371,467,3,9,3
1250,79,4.646,513,4,8,5
1292,92,11.1681,269,4,5,3
2289,17,6.6188,423,7,2,7
1812,37,4.0213,900,4,1,6
1134,40,11.6899,1031,2,4,7
2433,35,13.1284,834,4,3,2
2189,30,13.2875,650,6,3,0
1721,46,13.4533,573,2,4,4
1434,27,3.4249999999999994,455,0,5,9
2457,60,5.5514,1031,9,6,8
2226,54,18.275000000000002,628,3,2,3
2868,63,6.8375,1031,4,3,6
2260,63,13.6323,985,4,5,6
2244,65,8.3139,278,6,5,1
1981,45,11.4555,521,9,9,8
2448,92,8.5339,520,6,6,4
2357,58,13.4302,653,1,1,4
2655,16,11.6895,657,1,6,5
1812,32,9.2919,1031,4,6,7
1853,16,6.8253,428,4,5,3
1832,53,12.2264,722,0,2,0
2436,50,6.1592,810,7,9,5
2772,43,12.8809,670,2,2,0
1842,92,18.275000000000002,695,9,7,4
1858,64,16.6621,435,9,6,7
2209,68,14.0728,695,4,7,6
1943,33,10.7782,786,6,9,7
2512,32,3.4249999999999994,744,1,6,6
1134,53,5.7102,799,6,4,9
1667,56,16.386,989,3,8,3
1688,16,7.8925,882,2,3,5
1134,49,8.2634,687,4,5,3
1602,53,10.4502,407,3,2,7
1625,48,6.7766,535,4,2,4
1964,36,6.1016,621,7,5,9
2589,41,10.9222,727,3,6,3
1944,49,7.4754,563,9,1,8
1570,55,8.0922,460,1,6,6
2033,65,7.9276,403,9,3,4
2558,75,13.2697,298,2,8,6
1596,46,10.1777,618,5,4,5
1627,43,10.3972,339,3,2,5
2325,62,13.5753,445,4,5,4
1955,65,10.5469,582,7,3,3
2368,43,9.9887,370,9,8,4
2053,69,13.0569,756,8,5,0
2393,73,13.8673,837,4,5,7
1568,80,10.5263,547,5,7,1
2054,90,11.4593,572,3,2,4
1960,34,7.9252,792,2,2,6
1482,53,7.6019,510,2,6,7
1317,53,14.281,494,4,2,0
2386,51,12.9524,940,5,2,4
1893,39,12.9948,870,0,7,6
1574,21,12.28,806,5,6,5
2014,55,11.3183,879,9,2,8
2596,36,13.983,269,8,3,2
1134,54,14.9612,976,3,3,0
1349,36,14.8633,759,1,9,6
1622,30,10.716,898,6,7,3
2754,58,16.813,758,0,4,0
2194,56,12.0653,682,8,6,4
2425,65,13.7205,609,4,2,8
1518,92,12.285,753,9,3,1
1528,58,12.1413,600,0,5,9
2273,63,8.1138,866,7,6,2
2088,30,14.0032,313,4,5,5
2321,26,18.275000000000002,549,4,6,1
1971,86,9.5931,1031,1,5,5
2192,33,11.4199,529,6,5,4
2135,31,9.3004,617,6,4,1
2429,52,9.1291,472,9,4,9
2443,51,17.4583,746,7,6,3
1290,34,8.3711,505,3,6,3
1134,46,9.1862,629,2,6,7
2536,78,4.6233,862,1,2,9
2624,36,8.0242,513,8,2,7
1575,23,4.1278,848,3,6,1
1176,72,13.7182,856,9,9,5
2107,63,18.275000000000002,908,6,5,0
2502,40,9.6263,702,6,4,7
2868,19,4.2985,1031,4,6,0
2305,37,14.8173,908,6,2,2
1883,51,8.15,744,5,8,4
1636,77,16.4538,473,4,5,6
2065,31,9.9732,649,6,3,4
1918,51,8.5398,992,4,5,8
1578,67,10.3997,1031,3,4,6
2868,16,14.2344,1004,6,8,6
2868,74,10.197,848,5,4,1
2600,28,9.0934,388,6,5,9
1623,60,10.3142,780,3,6,2
2466,58,5.9168,391,2,3,9
2364,75,12.7561,335,9,6,9
2270,64,3.8069,725,9,6,6
2654,16,9.309,789,7,1,7
2362,36,14.241,874,4,6,0
2412,56,12.3709,783,4,5,4
2363,49,13.5482,790,8,5,7
2222,63,10.8624,449,4,5,7
1213,69,15.9227,647,3,6,1
2100,65,14.9185,331,9,8,4
1796,48,12.9573,269,5,2,0
1452,16,14.9302,838,9,4,5
2859,43,14.2043,501,1,7,0
2868,61,9.328,867,6,6,7
2706,30,5.6216,920,9,6,7
2181,66,12.8517,531,5,9,3
2702,72,13.3669,804,4,7,6
2066,55,15.5978,522,2,8,4
2156,16,7.2919,269,7,4,5
1540,26,7.4144,698,3,2,2
2249,92,13.0137,564,4,4,6
2089,41,10.8374,571,1,7,0
1441,16,3.4249999999999994,1031,9,6,0
2036,79,12.6662,327,8,6,4
2022,53,3.5376,757,5,4,4
2868,76,7.2553,446,2,4,5
2485,58,16.6683,875,9,5,3
2065,62,18.275000000000002,738,4,7,9
2178,60,6.1471,756,2,7,5
2081,67,9.7791,458,0,2,5
1964,92,11.3037,498,3,7,5
1546,73,18.275000000000002,880,1,3,7
1988,19,9.1092,1031,3,6,6
1706,62,9.1747,779,7,5,6
1466,77,17.4758,468,4,9,6
2303,78,9.5931,747,6,4,0
2246,44,14.0886,1031,3,5,0
1211,77,5.0756,694,5,7,4
2002,72,10.4273,1000,9,3,4
2533,92,4.3278,504,4,5,6
2563,37,6.8037,661,6,4,5
2547,42,14.5681,810,1,4,6
2078,46,10.9245,760,9,4,1
1659,42,9.8213,498,3,8,4
1545,34,8.0606,488,7,3,1
2224,16,10.2247,893,4,6,5
2240,43,12.363,939,6,6,0
2672,60,15.1571,1011,6,1,5
2583,42,3.4249999999999994,1031,3,6,1
1997,92,7.7204,701,7,1,4
1469,53,11.781,600,3,7,7
1908,80,10.7239,975,7,4,5
2163,58,12.7821,831,4,5,0
1964,70,12.2254,449,6,2,3
1785,58,9.8796,438,3,5,1
2180,81,8.9699,781,5,7,0
1821,54,10.1229,631,2,3,5
1762,63,15.8366,665,5,3,6
2208,60,8.1292,912,5,6,6
1869,47,10.8716,842,3,6,6
2176,61,11.8804,970,5,0,4
2190,92,17.5234,269,5,9,4
1519,47,9.8983,728,3,6,2
1831,61,15.0583,827,4,7,3
2743,79,16.1778,327,2,5,1
1508,77,10.8677,523,9,0,2
1134,53,10.2655,481,7,7,5
1175,16,9.7805,676,5,4,4
2074,63,10.0806,1031,8,6,9
2075,16,14.6297,1031,0,4,1
2004,83,12.0757,487,0,6,4
2637,56,12.0932,789,4,3,1
1134,74,6.5177,797,1,7,3
2248,34,7.1641,758,4,2,4
2802,20,18.275000000000002,761,5,9,7
1524,58,10.4003,739,7,9,3
1880,52,7.9539,1031,2,9,4
1702,42,16.9938,919,6,8,3
1635,54,12.2839,432,5,5,1
1905,92,13.4983,850,6,8,3
2738,70,10.5633,872,3,5,4
2868,75,9.8231,742,8,1,5
1900,70,10.434,926,4,9,6
2868,84,5.4624,713,9,8,4
2077,49,10.7687,716,3,5,4
2868,16,12.3422,698,7,2,0
2016,49,18.275000000000002,269,5,3,6
2122,70,11.4814,652,4,0,3
2234,32,3.4249999999999994,520,6,7,6
2868,49,10.7438,403,4,1,8
2464,38,18.275000000000002,994,0,6,4
1724,84,14.6794,784,0,3,2
2520,68,7.8059,664,8,1,4
1888,66,13.5514,543,8,6,5
1827,66,8.0882,737,9,4,4
2492,52,5.581,894,5,7,3
2075,57,9.7014,484,1,2,6
2192,28,11.5041,670,4,3,6
2067,16,3.4568,866,5,0,4
2220,56,6.4197,269,2,0,0
2262,59,11.1714,658,9,9,6
1140,78,9.4563,574,9,9,3
2377,86,12.747,640,6,5,5
1593,86,6.1512,558,5,3,5
1375,32,14.0555,702,1,4,0
2032,45,6.2779,1031,9,7,5
2100,63,17.8611,598,5,4,6
1731,92,4.0977,736,4,6,6
2455,84,6.6516,1031,6,5,5
1422,76,12.8394,547,3,4,0
1867,44,17.9492,1031,5,4,8
1782,34,12.4201,672,1,6,5
2038,69,13.4356,1031,7,2,1
2192,29,11.2009,840,4,6,2
1581,48,6.9227,740,8,4,5
2404,50,9.1204,656,4,5,6
2090,86,6.1625,530,4,9,3
1161,45,5.8887,688,2,5,7
1134,16,12.7754,873,7,7,0
2054,63,6.5261,668,2,0,2
1955,38,12.4386,599,3,4,0
2011,53,5.794,614,5,5,2
2047,51,12.3436,894,5,9,8
2167,47,9.1263,947,0,0,9
2510,69,16.8934,520,4,5,5
1532,20,12.4556,520,7,9,3
1503,42,16.1933,756,4,3,4
1541,67,8.0323,1015,4,4,6
2197,40,11.3591,929,5,6,1
2651,19,7.1084,388,4,5,3
1855,67,9.434,611,2,9,8
1134,76,10.0549,461,5,6,2
1250,52,8.1544,610,7,8,3
1664,16,6.1478,1031,2,4,4
1795,67,5.3363,350,4,3,5
1866,18,3.4249999999999994,306,1,4,3
2078,59,6.8,484,7,2,5
1912,34,13.7005,735,4,6,6
2559,28,4.5782,811,2,4,9
1739,43,5.5223,769,5,3,4
1650,49,18.275000000000002,936,2,6,4
2287,39,8.5206,273,2,2,8
1330,65,12.4447,938,1,7,3
2245,43,13.7613,600,2,4,1
2109,73,13.8441,835,8,8,5
1990,59,4.8904,372,3,4,7
2815,38,10.1821,672,6,7,5
1764,34,4.4974,724,3,5,4
2868,18,18.275000000000002,931,7,7,1
1953,59,4.5931,313,2,5,4
1453,45,6.8349,678,5,1,8
2093,16,6.8645,426,5,8,1
1549,41,4.9956,785,9,5,4
1703,34,16.672,846,6,7,3
2249,86,18.275000000000002,961,3,7,3
2324,17,9.1793,550,6,3,5
1764,22,5.7178,880,9,3,6
2529,76,3.4249999999999994,977,0,7,6
2610,81,10.1286,300,2,4,2
2742,37,9.8325,809,4,7,0
2311,39,8.4599,887,4,5,5
2708,66,12.0362,612,4,8,3
1166,16,12.7485,398,1,6,9
1909,16,12.453,883,8,6,9
1648,47,9.8335,400,1,4,9
2117,85,6.6145,630,4,6,2
1788,43,13.8576,662,7,8,6
1981,55,11.1803,832,5,5,7
2868,76,14.7696,529,2,6,6
1979,92,14.3668,516,1,5,4
2257,40,5.3025,693,4,5,8
1950,52,5.2514,897,3,9,4
2096,91,8.0327,1031,5,8,5
2063,21,6.8003,331,1,5,1
2273,74,14.2241,742,7,6,6
2614,31,12.5687,426,5,3,4
2843,55,15.6335,900,5,5,6
2207,48,12.7538,459,8,6,5
2340,32,11.9841,519,4,7,5
1513,32,16.0456,538,3,7,4
2018,58,13.054,653,3,2,6
2507,73,11.4081,743,4,8,4
2471,50,17.196,780,4,5,1
2161,54,11.601,669,3,2,6
2481,65,9.8818,371,0,8,2
2293,32,7.6955,835,3,9,1
2630,68,14.0101,659,6,6,2
2197,70,16.1985,932,5,7,5
1891,92,10.9217,511,8,7,4
2220,45,16.4889,309,9,9,0
1134,43,3.4249999999999994,663,7,7,4
2242,69,10.9017,963,8,2,7
1134,70,10.9647,707,7,9,3
1241,41,8.1497,626,9,8,4
2275,44,18.275000000000002,474,9,4,7
2287,64,10.8577,1031,7,2,6
1508,35,9.4581,439,6,6,7
1722,44,11.2354,507,4,4,0
2711,54,3.4249999999999994,799,5,6,9
1830,74,8.015,269,4,7,6
2868,40,15.1584,958,6,4,9
2059,16,8.5515,811,3,2,3
2254,16,7.7322,873,4,6,0
2828,26,16.4955,796,0,4,4
2122,25,16.6215,634,9,5,4
1584,49,13.2477,431,4,2,6
2008,28,9.2639,639,6,4,7
2043,38,10.1476,451,8,7,4
1412,36,7.8335,780,5,7,4
1938,43,7.0523,852,8,3,6
1707,80,6.8489,1003,1,2,4
2499,66,8.5962,754,9,5,4
2076,53,6.8886,879,7,6,7
1926,43,4.7208,604,5,6,8
2010,44,12.0281,563,8,4,7
2166,59,12.0904,777,2,6,4
2353,65,18.099,584,4,9,0
1585,34,8.3901,731,8,6,4
1565,53,12.3424,431,0,1,3
2585,16,12.4105,472,6,6,4
1864,57,10.0888,814,6,9,3
1387,69,14.1793,870,9,2,4
2271,47,14.306,448,1,5,2
2280,91,12.4708,822,9,4,1
1333,34,10.0814,551,3,5,8
2169,57,9.6638,674,4,6,2
2409,52,5.5238,990,2,8,4
2238,50,7.8263,853,2,5,7
2360,50,8.58,850,6,8,7
1393,55,6.5229,1031,2,5,6
2217,70,12.9318,512,7,4,5
1916,82,16.0329,448,3,3,6
1831,53,7.4077,508,2,0,8
2474,70,12.2906,613,3,6,6
2763,38,6.8911,269,6,9,0
2868,69,9.8794,624,4,6,3
2685,37,8.3,548,5,7,6
2008,75,13.5956,847,6,4,3
2228,92,8.3473,750,7,4,9
2424,50,15.2749,535,4,8,4
2118,16,10.122,804,2,9,5
2122,41,8.4669,834,5,9,7
2451,78,5.9929,497,6,7,4
2032,64,12.1667,559,1,5,5
1714,58,14.7977,269,2,6,7
1863,74,12.2491,425,3,3,1
2361,63,18.275000000000002,503,4,1,4
2061,78,16.9884,687,3,2,7
2222,72,9.8687,458,7,5,5
2378,85,9.8257,555,1,4,8
1882,60,13.0539,394,1,1,1
2419,72,7.6947,709,4,5,0
2240,46,15.9085,767,4,4,6
1473,40,12.6109,761,1,2,7
2745,88,12.18,673,3,4,4
1822,57,13.9442,323,4,4,5
1274,69,18.1893,531,4,3,6
1563,55,11.8296,579,5,7,2
1575,40,10.6658,580,3,0,3
2085,53,17.3119,688,8,0,5
1930,83,15.0941,992,6,5,7
1900,64,9.8136,854,3,5,2
2354,17,11.1503,448,5,6,4
2221,48,11.9297,824,5,4,4
2210,90,12.6117,815,8,3,6
2255,48,5.5695,489,3,5,4
2353,16,4.8078,862,7,4,3
1134,92,7.4924,634,5,9,8
1887,67,7.1754,353,9,4,3
1134,51,8.4906,773,8,5,4
2077,45,13.7301,720,5,9,0
2058,75,10.4367,619,4,5,3
2557,41,11.9338,662,6,6,6
2624,77,6.1117,509,4,7,5
2156,64,9.2372,808,9,7,6
1822,58,13.5356,661,5,6,6
2290,56,13.5672,708,4,6,9
1809,49,8.1596,751,3,5,3
2059,75,11.7915,410,2,4,0
2528,34,18.275000000000002,469,6,6,2
1795,19,11.0569,269,3,9,3
2443,65,8.2883,798,8,8,2
2382,66,10.4169,397,1,6,5
1606,63,11.5067,700,5,7,8
2523,61,10.5095,754,8,3,8
2392,46,11.0005,806,0,4,6
2108,69,5.2136,399,9,7,9
1698,52,7.1841,656,4,9,4
1652,42,10.517,1031,5,3,0
1805,46,10.4517,1031,6,4,7
2318,92,8.8087,893,7,9,0
1606,16,10.4036,747,5,5,3
2268,63,11.379,444,7,9,6
1470,17,14.7739,833,6,6,4
1963,50,10.7224,635,9,6,4
2112,43,12.7646,797,6,4,2
2868,16,8.9095,528,9,7,4
1406,61,13.4735,632,7,9,7
2759,45,12.6688,708,0,2,5
2131,16,14.6772,726,9,4,2
2255,70,14.0528,782,3,7,1
2116,83,13.5417,540,9,5,2
2271,84,10.7257,368,5,4,5
1987,60,12.1328,1031,7,8,5
2751,54,15.4873,1031,3,8,2
1843,80,8.4567,771,6,4,0
2598,88,8.5537,372,4,6,6
1754,76,11.8725,496,9,2,2
2031,33,12.8308,785,6,3,6
1551,57,7.7517,973,7,5,3
2276,62,10.8226,397,0,5,2
2747,16,10.7438,643,4,3,5
2023,62,3.4249999999999994,715,6,3,9
1966,92,10.2291,865,5,2,6
1530,66,10.4843,593,7,6,5
1951,84,10.4721,318,4,0,5
1303,56,16.9315,811,5,2,0
1626,51,6.1466,924,8,0,2
2168,61,7.7496,652,0,6,0
2687,35,3.4249999999999994,762,6,0,9
2868,32,9.1582,564,4,5,8
1781,79,9.5076,480,2,9,5
2742,81,9.0391,902,6,9,5
2176,32,15.6684,758,8,0,1
1988,73,14.6559,781,7,6,4
2265,51,11.4481,1009,4,2,9
2089,60,9.6102,433,7,2,5
2112,62,15.3344,546,7,5,3
1866,73,11.048,706,4,8,0
1396,54,7.7757,543,3,7,8
1327,82,4.0957,847,3,3,4
2370,59,9.3205,628,7,7,0
1929,66,14.2216,447,5,0,2
1777,35,18.275000000000002,685,2,3,1
2064,92,11.3815,709,0,3,4
2438,62,7.9925,881,7,5,5
2146,68,6.2729,759,3,4,3
1748,19,13.391,775,6,5,6
2643,35,3.8975,743,8,5,5
2810,79,13.3844,628,1,5,7
2295,59,14.48,509,5,6,4
2523,16,12.9169,736,4,5,9
2650,74,10.2288,596,6,4,3
2597,41,13.4442,1031,8,6,2
2352,82,11.8295,973,1,7,2
2344,51,7.9402,813,6,4,4
2307,57,18.275000000000002,756,7,5,0
1539,77,9.6878,651,4,8,5
2393,34,14.3081,386,4,2,0
1416,32,3.4249999999999994,622,6,9,5
1682,48,16.3601,693,6,2,1
2679,70,17.1481,722,6,4,4
2459,25,11.2513,776,6,3,6
2767,18,13.4189,878,2,9,9
1931,70,13.4178,515,7,4,2
1513,40,8.4948,517,8,4,4
1946,44,13.3712,998,5,4,3
2108,16,7.8152,844,1,5,2
2098,38,8.6343,583,4,4,3
2599,52,15.7473,646,5,5,7
1888,72,15.1232,647,2,0,3
2227,36,8.2342,678,4,5,9
1590,87,8.1227,777,1,5,5
2274,38,8.4833,1031,6,8,2
2061,38,14.1314,713,5,8,4
1704,85,7.031,820,0,5,2
1948,57,12.5908,290,6,7,6
1972,41,14.1896,561,5,2,0
1932,49,10.7674,948,6,7,1
2868,81,15.2683,761,4,4,3
2013,83,9.8819,269,3,2,6
1944,35,10.2526,823,3,5,8
1134,52,7.1242,1031,3,9,8
1635,54,15.2975,269,5,5,6
1935,32,7.9877,1013,5,9,4
1734,51,12.5624,269,4,3,6
2716,53,10.8367,882,4,8,2
1982,77,6.8146,669,4,3,0
2672,78,8.6328,269,9,6,6
2089,46,16.7961,771,3,6,2
2078,48,11.9554,930,3,7,4
2018,67,6.9934,753,9,6,5
2062,40,12.3803,802,6,3,5
2868,65,10.5302,578,1,7,7
1134,51,18.275000000000002,269,7,9,7
1134,32,12.2975,827,2,4,5
1802,33,9.5692,1031,7,0,3
2067,83,16.9484,925,4,6,5
2388,49,3.5843,269,4,4,3
2285,87,11.5155,329,9,5,4
1877,42,18.275000000000002,480,6,6,9
2544,59,10.6528,312,7,4,5
2549,92,4.0258,681,6,4,6
2147,30,9.5065,759,4,5,3
2517,16,17.0897,348,6,9,7
2190,80,12.6702,846,8,5,6
1793,35,7.6913,806,5,2,6
2391,52,8.3208,547,9,2,5
2113,40,8.8353,632,7,5,7
2061,58,12.6092,269,5,2,8
2760,33,16.613,596,5,1,5
1134,49,15.4419,672,5,7,4
1386,62,12.9978,709,1,7,7
1496,31,5.6718,756,4,4,2
1887,38,5.687,726,5,6,3
1939,45,13.3143,611,4,5,4
1344,23,5.6152,735,6,7,0
1592,44,10.2046,896,5,7,7
1651,55,12.3754,649,7,0,2
2868,44,6.467,742,6,4,3
2868,47,6.9315,629,5,6,4
1864,52,10.7433,525,1,4,5
1887,39,13.193,788,9,5,4
1514,67,15.4792,545,4,7,4
1153,83,13.6168,758,4,5,4
2004,43,11.4309,677,4,9,3
1586,63,8.071,602,3,8,3
2020,48,6.7403,597,9,5,7
1300,60,9.0354,556,8,4,0
1698,85,12.8089,300,6,0,4
2131,63,12.5085,757,4,4,3
2234,16,3.4249999999999994,723,6,2,6
2258,62,7.9092,862,5,6,1
1433,78,16.0652,551,4,5,3
2466,48,11.4536,1031,6,7,4
1680,73,5.322,585,4,9,7
2361,38,18.275000000000002,473,5,5,5
2055,21,11.0104,447,5,9,2
1406,56,12.704,280,6,6,3
1910,16,12.7663,1016,3,2,7
2234,48,9.6226,980,7,4,1
2351,80,8.1473,806,2,4,4
1993,16,18.275000000000002,469,3,7,4
2788,26,15.2402,1031,3,3,3
2539,31,14.4974,591,2,4,9
1938,51,13.4907,610,7,5,3
2416,45,7.0173,995,2,4,6
2868,82,16.3644,819,3,7,3
2868,73,7.6738,1031,8,7,6
1477,63,12.2899,727,3,8,7
1620,56,4.4106,581,4,4,3
2765,61,3.4249999999999994,533,2,8,4
1557,35,12.4334,269,7,1,2
1432,71,7.8132,608,7,1,2
1829,29,3.4249999999999994,929,7,2,7
2260,70,13.3445,806,6,5,3
2011,77,18.275000000000002,675,5,8,0
1751,57,16.8235,446,3,3,9
1740,49,10.0745,722,3,4,2
1722,61,11.1652,899,8,4,4
1642,16,14.7669,768,7,6,9
2868,59,15.7276,708,3,4,4
2201,50,9.7212,491,5,4,4
2481,52,11.2691,866,4,2,1
1828,67,12.3609,269,2,4,0
1972,51,13.3988,757,5,8,4
1721,29,10.5836,1031,4,5,5
1134,50,10.6369,331,2,3,5
1405,54,16.7837,616,1,8,3
1200,55,16.0857,669,1,3,5
1134,56,13.0855,566,4,9,0
1492,74,18.174,904,4,9,6
2689,30,9.5453,777,2,5,5
2039,56,17.7801,705,6,1,9
2673,80,13.3523,850,5,9,4
2255,16,18.275000000000002,674,6,6,2
2432,56,6.2421,1031,4,4,4
1632,40,8.304,705,3,7,4
2309,45,12.8453,715,5,7,6
2406,34,12.7569,285,1,8,5
1786,49,18.275000000000002,548,6,3,1
2326,91,8.3899,929,2,6,0
2329,26,14.8374,370,7,2,5
1799,28,15.8929,269,4,7,8
1527,25,14.0167,678,7,5,5
1497,89,7.1908,980,2,6,6
2101,43,16.8981,680,3,5,7
2215,52,16.1669,595,6,4,5
1683,44,13.5861,269,8,3,2
2073,33,11.9664,773,9,7,5
2331,48,12.0556,820,5,9,7
2354,92,10.8063,269,9,4,6
2797,82,13.755,926,4,6,6
2667,35,11.2566,843,8,6,3
1584,66,7.6517,926,2,5,4
2860,35,6.8318,802,6,1,4
1808,16,8.0471,818,0,2,4
2556,74,12.0393,788,2,3,7
2092,77,11.0185,866,6,0,0
1864,75,12.0115,269,1,9,5
1201,43,13.1814,332,6,6,4
1978,49,8.5582,505,7,5,1
1319,68,17.1354,641,3,0,6
2520,61,10.0319,758,2,0,3
2781,44,9.3528,744,3,5,4
1681,19,13.1059,922,2,9,9
2203,55,3.6028,929,4,3,7
1715,75,7.8893,474,5,7,6
1761,27,15.1495,724,4,4,5
2428,66,4.0089,480,9,5,4
2042,60,15.7089,628,3,8,9
2868,68,17.3218,743,8,4,6
1831,71,9.6149,269,2,3,3
2535,38,12.3249,1031,5,9,1
2106,19,15.7151,798,8,5,6
2438,41,9.2161,536,8,8,4
1848,71,14.6852,1031,4,3,1
2036,41,8.3786,592,6,9,6
2005,38,9.1717,700,6,6,4
1663,16,7.8533,561,3,6,6
2375,89,12.5332,1031,6,5,6
2369,70,15.8744,647,9,4,3
2342,69,10.3745,704,6,5,6
2790,73,5.9193,942,6,4,3
2749,65,6.692,802,6,7,3
1882,47,12.7461,658,1,4,3
2237,49,18.275000000000002,921,6,1,7
1764,44,12.7425,1031,2,1,4
2071,92,9.5435,742,3,1,8
1775,64,14.2689,697,9,7,9
2830,43,10.1475,709,4,2,3
2233,62,9.5788,966,3,6,0
1956,31,7.2012,536,8,5,7
2627,84,16.9009,608,2,5,4
1134,39,3.4249999999999994,324,4,6,2
1134,63,14.3987,404,8,5,3
2438,75,9.2285,554,5,0,3
2089,61,9.4474,658,1,4,8
2179,55,18.0642,1031,6,6,5
1430,53,8.2024,791,4,9,8
2049,51,8.342,465,9,9,6
2868,40,10.5946,507,3,1,4
2452,43,12.825,980,7,4,3
2141,84,9.3182,925,9,1,6
1851,50,4.6792,677,2,9,7
1873,36,7.5813,571,4,8,7
1134,42,16.38,924,6,6,4
2182,76,11.4354,447,2,5,5
2462,67,12.9776,759,5,9,6
1311,64,10.0577,1031,4,8,4
1746,47,8.4263,717,4,8,2
1510,65,18.0038,496,5,6,2
1601,39,10.3578,763,5,4,4
2085,47,9.312,565,5,7,6
1134,73,15.6211,356,3,7,8
2352,71,8.1687,829,3,5,1
2418,32,8.6918,923,4,4,3
1941,35,11.171,601,5,8,4
1134,55,11.1301,586,4,9,6
1587,89,12.1929,454,6,3,3
2646,16,18.275000000000002,637,0,4,3
1134,58,12.507,544,3,6,1
1895,24,3.4249999999999994,443,4,6,6
1499,39,12.4662,1031,2,4,4
2442,45,11.2842,776,9,9,3
1739,44,11.3071,800,5,6,4
2252,41,12.1369,870,5,6,7
2329,53,11.0115,844,3,9,2
2868,41,10.9134,577,5,4,2
1964,22,13.6413,732,2,5,8
2239,69,8.9075,610,4,2,5
1354,68,7.2453,769,2,5,6
2626,70,18.275000000000002,748,4,1,5
1699,20,8.1954,584,0,7,4
1794,59,11.5394,371,2,6,4
2049,67,4.9997,704,8,4,7
1317,31,11.6063,625,7,5,7
2169,53,7.3046,269,8,7,7
2520,50,9.3157,785,8,2,2
2199,91,15.4118,888,6,6,8
1305,92,13.0633,1031,3,7,4
2001,18,13.4584,582,2,0,3
2413,92,3.8705,549,8,7,4
1168,33,18.275000000000002,421,5,1,7
1549,73,6.2446,718,9,5,6
2476,73,17.3932,716,4,2,4
2188,32,15.3154,488,9,9,7
2256,63,13.495,631,4,2,5
2868,50,7.6252,269,8,1,3
2283,64,11.7502,879,9,5,3
2373,57,9.1991,497,2,4,5
2868,78,11.248,663,3,1,4
1958,54,10.105,349,2,6,1
1681,49,3.4249999999999994,539,1,0,7
2263,76,15.7262,608,6,2,3
2269,65,10.7966,668,4,4,8
1810,68,9.1422,779,5,7,1
1570,39,8.8327,995,6,8,4
2868,31,12.598,836,0,8,3
2215,41,7.4663,887,8,5,2
1712,40,3.4249999999999994,997,4,0,3
2495,69,12.7975,799,6,6,9
2008,73,13.2563,662,6,9,5
1940,49,10.3109,898,8,8,2
2327,83,6.4248,912,4,6,0
1446,81,11.4935,817,0,2,0
2228,58,5.1272,343,5,4,3
2868,35,6.9193,481,5,9,3
2281,86,8.0526,609,2,1,4
1881,51,14.5875,846,5,2,0
1819,55,9.643,666,4,7,4
1865,45,9.2936,927,1,4,7
1939,34,18.275000000000002,967,6,2,9
1880,22,12.5734,941,3,9,0
2495,66,12.5182,942,4,6,2
1237,36,9.6139,437,3,4,2
2470,92,8.685,779,8,2,5
1880,30,3.4249999999999994,534,5,9,1
2239,26,15.099,299,5,5,9
1525,63,12.9662,606,4,9,5
2691,85,10.3948,969,6,7,4
2652,54,10.5666,774,8,4,8
2516,65,14.1458,1031,6,4,4
1340,16,4.7577,711,6,9,5
2454,38,8.7116,1031,6,9,3
2252,30,6.4723,711,1,0,1
1297,16,18.275000000000002,676,2,6,3
2048,55,14.7175,382,4,5,9
2233,16,3.4249999999999994,921,3,2,6
2324,25,4.9255,557,2,6,5
2144,41,10.5866,525,0,2,2
2198,35,9.1929,959,1,4,7
2760,61,5.7016,932,4,3,1
2642,59,18.275000000000002,926,4,4,1
1134,71,12.4098,589,3,5,3
1909,68,13.0748,659,5,2,9
1982,77,8.2931,657,4,9,9
1228,53,14.0889,847,7,6,3
2105,59,9.57,1021,4,9,3
2653,63,9.9678,754,6,5,0
1544,56,13.6329,1031,5,4,5
2220,44,4.4532,873,1,9,5
1625,46,17.6737,618,4,4,6
1741,35,11.8764,857,1,5,7
2762,61,16.3784,1031,4,7,4
1802,51,6.7218,1031,3,2,6
2280,39,7.3458,938,6,7,3
1171,39,6.3674,676,1,7,6
2868,27,12.1547,622,5,8,3
2346,73,11.3994,800,6,7,6
1973,54,9.2258,1031,7,8,5
2333,34,6.9733,768,3,5,5
1390,70,5.9384,773,5,3,6
2622,41,10.9303,682,5,9,1
1906,23,9.221,597,9,1,2
1963,74,8.3193,634,1,1,4
1826,41,17.4691,701,2,6,1
1784,44,10.7916,1031,9,9,3
2390,53,16.3337,617,4,5,4
2182,77,8.9437,682,0,8,8
2370,53,12.1321,476,3,0,5
2056,27,10.9017,832,0,4,7
2304,64,4.172,979,5,0,5
1861,42,16.9824,1031,7,7,3
2868,92,10.5751,716,2,1,5
1315,53,14.1879,800,3,2,6
2659,16,8.0471,636,7,6,7
2710,60,10.4535,790,0,8,4
1655,92,7.5766,741,1,5,0
2868,86,16.1942,684,4,6,0
2533,91,12.4052,702,3,6,4
2521,31,12.6332,772,4,4,0
2073,72,16.6949,604,1,2,9
1957,37,15.8678,616,5,6,6
1960,57,14.2654,1031,4,7,3
2246,26,5.3026,1031,6,7,2
2726,39,8.2781,399,5,6,7
2146,38,7.015,387,5,2,2
1627,71,14.1105,455,1,7,2
2452,69,11.8283,647,6,5,3
2498,58,5.4306,873,4,4,5
2371,24,10.3555,804,4,4,6
2414,46,5.006,709,7,3,7
1931,37,10.9112,790,3,7,7
1619,71,4.3452,515,8,1,4
1648,77,13.2962,616,8,2,7
1283,75,12.6779,666,7,4,3
2173,37,18.275000000000002,314,2,9,0
2020,16,14.6037,409,0,8,3
1851,16,9.3959,418,7,1,2
1134,82,14.4815,843,5,9,3
1467,44,5.4013,726,3,8,2
2592,37,7.1847,808,8,2,3
1744,87,12.4942,269,2,0,6
2231,79,3.4249999999999994,336,4,5,9
1399,53,10.9767,820,6,8,0
2743,46,6.9479,269,2,9,1
1992,50,11.5442,947,4,3,2
2198,57,6.7124,269,7,9,6
2868,86,12.8676,861,5,0,4
2780,61,11.2082,470,8,4,3
1914,68,16.8678,907,8,4,6
1778,77,11.1566,1031,5,8,7
1905,28,7.979,269,0,8,4
2302,68,10.1172,827,2,7,2
2010,46,5.6202,269,7,2,5
1872,16,12.7934,767,1,7,4
2757,16,13.5463,624,4,6,4
2006,31,18.275000000000002,700,6,1,3
2868,64,8.5807,465,8,0,7
2103,55,10.0316,847,3,8,5
2868,56,8.7695,344,3,5,7
2230,92,11.9983,950,5,2,8
2517,26,12.6932,578,6,4,6
1716,52,10.9103,354,4,6,3
1654,59,15.5809,1030,7,5,7
2278,37,8.6006,655,3,1,6
2530,53,15.1704,1031,5,9,9
2079,19,13.3358,946,6,8,5
1449,82,11.0797,491,4,4,6
1414,38,9.8384,651,7,4,5
1382,92,18.275000000000002,698,5,6,4
1220,52,7.7808,1015,7,2,4
2112,74,12.35,769,5,6,5
2594,51,8.0545,710,6,2,6
2054,52,18.275000000000002,626,3,5,7
1134,40,14.7633,659,3,2,5
1969,55,8.3491,965,8,2,3
1983,59,13.2297,671,6,9,4
2868,36,12.1851,582,2,5,1
1368,50,9.0118,543,5,6,9
1874,40,14.236,546,0,0,3
2868,92,12.7244,355,3,3,7
2274,51,12.013,501,7,6,5
2328,85,10.9572,1008,4,6,5
2114,48,12.8955,624,5,0,4
2217,58,12.069,829,0,6,2
2429,25,11.3712,269,4,6,2
1675,43,8.5021,799,6,8,9
2477,57,18.0702,634,6,3,5
1408,86,6.8243,562,7,0,7
2216,57,12.8815,711,4,2,8
2145,82,9.8166,559,4,2,3
1767,66,18.275000000000002,269,1,7,6
2049,87,7.4265,878,4,0,5
1764,51,8.1158,725,1,4,2
1551,92,7.1546,600,0,9,4
1892,42,12.4546,453,2,5,6
1535,37,5.5021,339,9,7,3
2213,27,9.168,721,4,1,4
1514,92,3.4249999999999994,1031,5,1,4
2398,70,12.1143,716,3,9,9
1499,46,9.0791,359,0,5,0
